{
  "NetworkTables": {
    "transitory": {
      "Jetson": {
        "Camera": {
          "BL": {
            "double[]##v_/Jetson/Camera/BL/Yolo": {
              "open": true
            },
            "open": true
          },
          "BR": {
            "double[]##v_/Jetson/Camera/BR/Apriltag": {
              "open": true
            },
            "open": true
          },
          "TL": {
            "double[]##v_/Jetson/Camera/TL/Apriltag": {
              "open": true
            },
            "open": true
          },
          "TR": {
            "double[]##v_/Jetson/Camera/TR/Yolo": {
              "open": true
            },
            "open": true
          },
          "open": true
        },
        "open": true
      },
      "SmartDashboard": {
        "Field": {
          "double[]##v_/SmartDashboard/Field/Robot": {
            "open": true
          },
          "open": true
        },
        "open": true
      }
    },
    "types": {
      "/FMSInfo": "FMSInfo",
      "/SmartDashboard/Auto choices": "String Chooser",
      "/SmartDashboard/Field": "Field2d"
    },
    "windows": {
      "/SmartDashboard/Field": {
        "Robot": {
          "color": [
            0.0,
            0.8860759735107422,
            1.0,
            255.0
          ],
          "length": 0.7110000252723694,
          "weight": 1.5,
          "width": 0.7110000252723694
        },
        "bottom": 1638,
        "builtin": "2025 Reefscape",
        "height": 8.051901817321777,
        "left": 534,
        "right": 3466,
        "top": 291,
        "width": 17.54825210571289,
        "window": {
          "visible": true
        }
      }
    }
  },
  "NetworkTables Info": {
    "jetsonClient@1": {
      "Publishers": {
        "open": true
      },
      "open": true
    },
    "visible": true
  },
  "NetworkTables Settings": {
    "mode": "Client (NT4)",
    "serverTeam": "3692"
  }
}
